emp_id,first_name,last_name,email,gender,department,password
JNTE33969,Ricard,Legon,rlegon0@topsy.com,Male,JNT,xS5$'.!z7`e{
JNTE16945,Early,Kincade,ekincade1@ning.com,Male,JNT,wQ9%U85t\
JNTE93204,Rina,Gonnet,rgonnet2@java.com,Female,JNT,wS8=k*~+Fowj_PX
JNTE49873,Regan,Sproston,rsproston3@google.com.br,Male,JNT,rM8~?%>H2is1aheZ
JNTE91916,Jillane,Shawyer,jshawyer4@themeforest.net,Female,JNT,dJ1#A$x6
JNTE27926,Katuscha,Chappell,kchappell5@unblog.fr,Female,JNT,dT6$3tCq%BsaFWz$
JNTE78836,Ekaterina,Jannaway,ejannaway6@accuweather.com,Female,JNT,rZ4/A+(mNNbXy~
JNTE99985,Ashlie,Sheivels,asheivels7@yahoo.com,Female,JNT,lS8|XWvnV0B3~n
JNTE01906,Rea,Gerrill,rgerrill8@hao123.com,Female,JNT,qZ5'rjz8@7k1|?
JNTE84819,Valeria,Gatheral,vgatheral9@phoca.cz,Female,JNT,bT6#Fp@}sO1
JNTE85738,Deny,Hawkswood,dhawkswooda@taobao.com,Female,JNT,pA2\8UA(2pU}`!>Y
JNTE29245,Giusto,Rainer,grainerb@purevolume.com,Male,JNT,oQ5&5hpts|
JNTE28525,Chelsae,Dorran,cdorranc@jimdo.com,Female,JNT,xY0`WTf6OL
JNTE66964,Leontyne,Hiddsley,lhiddsleyd@google.com.hk,Female,JNT,lV9%!8EPk*<CcsoW
JNTE82841,Ilaire,Combe,icombee@nymag.com,Male,JNT,iY9*)R9w
