emp_id,first_name,last_name,email,gender,department,password
JTE47123,Rem,Macy,rmacy0@amazonaws.com,Male,JTE,mH4}J0M$9G*%?M6J
JTE47743,Rodie,Pressnell,rpressnell1@clickbank.net,Female,JTE,lY8|j/bdq/{
JTE55681,Ervin,Crampsey,ecrampsey2@elegantthemes.com,Male,JTE,eJ2&BQo<H&@9
JTE44521,Dyanne,Arzu,darzu3@ucla.edu,Female,JTE,jS7*#{F<_
JTE62720,Weidar,Silverstone,wsilverstone4@tripod.com,Male,JTE,iO2=s{n9Nh3_'>L
JTE45804,Dalt,Painten,dpainten5@nih.gov,Male,JTE,mF3$F%luV7S!!
JTE93505,Gisella,Wermerling,gwermerling6@nature.com,Female,JTE,wL9~)szi
JTE55353,Sarette,Simmank,ssimmank7@tumblr.com,Female,JTE,iI7'\HOUWz@xBM
JTE10874,Andreas,Josephy,ajosephy8@nhs.uk,Male,JTE,uG4_!$qwrA6i
JTE29115,Rosita,Rentz,rrentz9@who.int,Female,JTE,rA2|YZwGg
JTE20824,Thorstein,Fitzsimon,tfitzsimona@craigslist.org,Male,JTE,zG3#@iar>_S(
JTE21867,Gerek,Golagley,ggolagleyb@opensource.org,Male,JTE,cD3/p*gBf'Mw05)
JTE02068,Zachery,Cullivan,zcullivanc@myspace.com,Male,JTE,zA2*%JY!
JTE01142,Joanne,Aluard,jaluardd@whitehouse.gov,Female,JTE,sK5/YazkrzW
JTE11624,Russell,McGrirl,rmcgrirle@fastcompany.com,Male,JTE,jA9$zjtC
